-- Seed data for Shavtzak
-- Run this AFTER schema.sql

-- Create certificates
INSERT INTO certificates (id, name) VALUES
  ('00000000-0000-0000-0000-000000000001', 'נהג'),
  ('00000000-0000-0000-0000-000000000002', 'חובש'),
  ('00000000-0000-0000-0000-000000000003', 'קלע'),
  ('00000000-0000-0000-0000-000000000004', 'מפקד'),
  ('00000000-0000-0000-0000-000000000005', 'מאג'),
  ('00000000-0000-0000-0000-000000000006', 'נגב');

-- Create soldier statuses
INSERT INTO soldier_statuses (id, name, color, is_available) VALUES
  ('00000000-0000-0000-0001-000000000001', 'זמין', '#22C55E', true),
  ('00000000-0000-0000-0001-000000000002', 'בבית', '#3B82F6', false),
  ('00000000-0000-0000-0001-000000000003', 'חולה', '#EF4444', false),
  ('00000000-0000-0000-0001-000000000004', 'קורס', '#8B5CF6', false),
  ('00000000-0000-0000-0001-000000000005', 'תפוס במשימה', '#F59E0B', false);

-- Create platoons
INSERT INTO platoons (id, name, color) VALUES
  ('00000000-0000-0000-0002-000000000001', 'מחלקה א׳', '#3B82F6'),
  ('00000000-0000-0000-0002-000000000002', 'מחלקה ב׳', '#10B981'),
  ('00000000-0000-0000-0002-000000000003', 'מחלקה ג׳', '#F59E0B');

-- Create squads
INSERT INTO squads (id, name, platoon_id) VALUES
  -- מחלקה א׳
  ('00000000-0000-0000-0003-000000000001', 'כיתה 1', '00000000-0000-0000-0002-000000000001'),
  ('00000000-0000-0000-0003-000000000002', 'כיתה 2', '00000000-0000-0000-0002-000000000001'),
  ('00000000-0000-0000-0003-000000000003', 'כיתה 3', '00000000-0000-0000-0002-000000000001'),
  -- מחלקה ב׳
  ('00000000-0000-0000-0003-000000000004', 'כיתה 1', '00000000-0000-0000-0002-000000000002'),
  ('00000000-0000-0000-0003-000000000005', 'כיתה 2', '00000000-0000-0000-0002-000000000002'),
  ('00000000-0000-0000-0003-000000000006', 'כיתה 3', '00000000-0000-0000-0002-000000000002'),
  -- מחלקה ג׳
  ('00000000-0000-0000-0003-000000000007', 'כיתה 1', '00000000-0000-0000-0002-000000000003'),
  ('00000000-0000-0000-0003-000000000008', 'כיתה 2', '00000000-0000-0000-0002-000000000003'),
  ('00000000-0000-0000-0003-000000000009', 'כיתה 3', '00000000-0000-0000-0002-000000000003');

-- Create soldiers
INSERT INTO soldiers (id, name, personal_number, phone_number, role, status_id, platoon_id, squad_id) VALUES
  -- מחלקה א׳ - כיתה 1
  ('00000000-0000-0000-0004-000000000001', 'ישראל ישראלי', '1234567', '050-1234567', 'nco', '00000000-0000-0000-0001-000000000001', '00000000-0000-0000-0002-000000000001', '00000000-0000-0000-0003-000000000001'),
  ('00000000-0000-0000-0004-000000000002', 'משה כהן', '2345678', '052-2345678', 'soldier', '00000000-0000-0000-0001-000000000001', '00000000-0000-0000-0002-000000000001', '00000000-0000-0000-0003-000000000001'),
  ('00000000-0000-0000-0004-000000000003', 'דוד לוי', '3456789', '054-3456789', 'soldier', '00000000-0000-0000-0001-000000000001', '00000000-0000-0000-0002-000000000001', '00000000-0000-0000-0003-000000000001'),
  ('00000000-0000-0000-0004-000000000004', 'יוסי אלון', '3456001', '050-3456001', 'soldier', '00000000-0000-0000-0001-000000000001', '00000000-0000-0000-0002-000000000001', '00000000-0000-0000-0003-000000000001'),
  -- מחלקה א׳ - כיתה 2
  ('00000000-0000-0000-0004-000000000005', 'יעקב אברהם', '4567890', '050-4567890', 'nco', '00000000-0000-0000-0001-000000000001', '00000000-0000-0000-0002-000000000001', '00000000-0000-0000-0003-000000000002'),
  ('00000000-0000-0000-0004-000000000006', 'אבי רוזן', '5678901', '052-5678901', 'soldier', '00000000-0000-0000-0001-000000000001', '00000000-0000-0000-0002-000000000001', '00000000-0000-0000-0003-000000000002'),
  ('00000000-0000-0000-0004-000000000007', 'רון שמעון', '6789012', '054-6789012', 'soldier', '00000000-0000-0000-0001-000000000002', '00000000-0000-0000-0002-000000000001', '00000000-0000-0000-0003-000000000002'),
  ('00000000-0000-0000-0004-000000000008', 'נתן ברק', '6789013', '052-6789013', 'soldier', '00000000-0000-0000-0001-000000000001', '00000000-0000-0000-0002-000000000001', '00000000-0000-0000-0003-000000000002'),
  -- מחלקה א׳ - כיתה 3
  ('00000000-0000-0000-0004-000000000009', 'עמית גולן', '7890123', '050-7890123', 'nco', '00000000-0000-0000-0001-000000000001', '00000000-0000-0000-0002-000000000001', '00000000-0000-0000-0003-000000000003'),
  ('00000000-0000-0000-0004-000000000010', 'תומר נחום', '8901234', '052-8901234', 'soldier', '00000000-0000-0000-0001-000000000001', '00000000-0000-0000-0002-000000000001', '00000000-0000-0000-0003-000000000003'),
  ('00000000-0000-0000-0004-000000000011', 'גיל בראון', '9012345', '054-9012345', 'soldier', '00000000-0000-0000-0001-000000000003', '00000000-0000-0000-0002-000000000001', '00000000-0000-0000-0003-000000000003'),
  -- מחלקה ב׳ - כיתה 1
  ('00000000-0000-0000-0004-000000000012', 'אריאל שרון', '1111111', '050-1111111', 'nco', '00000000-0000-0000-0001-000000000001', '00000000-0000-0000-0002-000000000002', '00000000-0000-0000-0003-000000000004'),
  ('00000000-0000-0000-0004-000000000013', 'בני גנץ', '1111112', '052-1111112', 'soldier', '00000000-0000-0000-0001-000000000001', '00000000-0000-0000-0002-000000000002', '00000000-0000-0000-0003-000000000004'),
  ('00000000-0000-0000-0004-000000000014', 'גדי איזנקוט', '1111113', '054-1111113', 'soldier', '00000000-0000-0000-0001-000000000001', '00000000-0000-0000-0002-000000000002', '00000000-0000-0000-0003-000000000004'),
  ('00000000-0000-0000-0004-000000000015', 'דני חלוץ', '1111114', '050-1111114', 'soldier', '00000000-0000-0000-0001-000000000001', '00000000-0000-0000-0002-000000000002', '00000000-0000-0000-0003-000000000004'),
  -- מחלקה ב׳ - כיתה 2
  ('00000000-0000-0000-0004-000000000016', 'הראל לוי', '2222221', '052-2222221', 'nco', '00000000-0000-0000-0001-000000000001', '00000000-0000-0000-0002-000000000002', '00000000-0000-0000-0003-000000000005'),
  ('00000000-0000-0000-0004-000000000017', 'ורד כהן', '2222222', '054-2222222', 'soldier', '00000000-0000-0000-0001-000000000001', '00000000-0000-0000-0002-000000000002', '00000000-0000-0000-0003-000000000005'),
  ('00000000-0000-0000-0004-000000000018', 'זיו אדם', '2222223', '050-2222223', 'soldier', '00000000-0000-0000-0001-000000000002', '00000000-0000-0000-0002-000000000002', '00000000-0000-0000-0003-000000000005'),
  ('00000000-0000-0000-0004-000000000019', 'חן נאור', '2222224', '052-2222224', 'soldier', '00000000-0000-0000-0001-000000000001', '00000000-0000-0000-0002-000000000002', '00000000-0000-0000-0003-000000000005'),
  -- מחלקה ב׳ - כיתה 3
  ('00000000-0000-0000-0004-000000000020', 'טל רמון', '3333331', '054-3333331', 'nco', '00000000-0000-0000-0001-000000000001', '00000000-0000-0000-0002-000000000002', '00000000-0000-0000-0003-000000000006'),
  ('00000000-0000-0000-0004-000000000021', 'יובל דיין', '3333332', '050-3333332', 'soldier', '00000000-0000-0000-0001-000000000001', '00000000-0000-0000-0002-000000000002', '00000000-0000-0000-0003-000000000006'),
  ('00000000-0000-0000-0004-000000000022', 'כפיר לביא', '3333333', '052-3333333', 'soldier', '00000000-0000-0000-0001-000000000001', '00000000-0000-0000-0002-000000000002', '00000000-0000-0000-0003-000000000006'),
  -- מחלקה ג׳ - כיתה 1
  ('00000000-0000-0000-0004-000000000023', 'ליאור אשכנזי', '4444441', '050-4444441', 'nco', '00000000-0000-0000-0001-000000000001', '00000000-0000-0000-0002-000000000003', '00000000-0000-0000-0003-000000000007'),
  ('00000000-0000-0000-0004-000000000024', 'מיכאל זוהר', '4444442', '052-4444442', 'soldier', '00000000-0000-0000-0001-000000000001', '00000000-0000-0000-0002-000000000003', '00000000-0000-0000-0003-000000000007'),
  ('00000000-0000-0000-0004-000000000025', 'נועם קמחי', '4444443', '054-4444443', 'soldier', '00000000-0000-0000-0001-000000000001', '00000000-0000-0000-0002-000000000003', '00000000-0000-0000-0003-000000000007'),
  ('00000000-0000-0000-0004-000000000026', 'סהר טוב', '4444444', '050-4444444', 'soldier', '00000000-0000-0000-0001-000000000003', '00000000-0000-0000-0002-000000000003', '00000000-0000-0000-0003-000000000007'),
  -- מחלקה ג׳ - כיתה 2
  ('00000000-0000-0000-0004-000000000027', 'עידן רייכל', '5555551', '052-5555551', 'nco', '00000000-0000-0000-0001-000000000001', '00000000-0000-0000-0002-000000000003', '00000000-0000-0000-0003-000000000008'),
  ('00000000-0000-0000-0004-000000000028', 'פז שמש', '5555552', '054-5555552', 'soldier', '00000000-0000-0000-0001-000000000001', '00000000-0000-0000-0002-000000000003', '00000000-0000-0000-0003-000000000008'),
  ('00000000-0000-0000-0004-000000000029', 'צחי הלוי', '5555553', '050-5555553', 'soldier', '00000000-0000-0000-0001-000000000001', '00000000-0000-0000-0002-000000000003', '00000000-0000-0000-0003-000000000008'),
  ('00000000-0000-0000-0004-000000000030', 'קובי פרץ', '5555554', '052-5555554', 'soldier', '00000000-0000-0000-0001-000000000002', '00000000-0000-0000-0002-000000000003', '00000000-0000-0000-0003-000000000008'),
  -- מחלקה ג׳ - כיתה 3
  ('00000000-0000-0000-0004-000000000031', 'רועי גל', '6666661', '054-6666661', 'nco', '00000000-0000-0000-0001-000000000001', '00000000-0000-0000-0002-000000000003', '00000000-0000-0000-0003-000000000009'),
  ('00000000-0000-0000-0004-000000000032', 'שי אגסי', '6666662', '050-6666662', 'soldier', '00000000-0000-0000-0001-000000000001', '00000000-0000-0000-0002-000000000003', '00000000-0000-0000-0003-000000000009'),
  ('00000000-0000-0000-0004-000000000033', 'תמיר לוין', '6666663', '052-6666663', 'soldier', '00000000-0000-0000-0001-000000000001', '00000000-0000-0000-0002-000000000003', '00000000-0000-0000-0003-000000000009');

-- Create soldier certificates
-- cert-driver = 00000000-0000-0000-0000-000000000001
-- cert-medic = 00000000-0000-0000-0000-000000000002
-- cert-marksman = 00000000-0000-0000-0000-000000000003
-- cert-commander = 00000000-0000-0000-0000-000000000004
-- cert-mag = 00000000-0000-0000-0000-000000000005
-- cert-negev = 00000000-0000-0000-0000-000000000006
INSERT INTO soldier_certificates (soldier_id, certificate_id) VALUES
  -- מחלקה א׳
  ('00000000-0000-0000-0004-000000000001', '00000000-0000-0000-0000-000000000001'), -- soldier-01: driver
  ('00000000-0000-0000-0004-000000000001', '00000000-0000-0000-0000-000000000002'), -- soldier-01: medic
  ('00000000-0000-0000-0004-000000000001', '00000000-0000-0000-0000-000000000004'), -- soldier-01: commander
  ('00000000-0000-0000-0004-000000000002', '00000000-0000-0000-0000-000000000003'), -- soldier-02: marksman
  ('00000000-0000-0000-0004-000000000003', '00000000-0000-0000-0000-000000000006'), -- soldier-03: negev
  ('00000000-0000-0000-0004-000000000005', '00000000-0000-0000-0000-000000000001'), -- soldier-05: driver
  ('00000000-0000-0000-0004-000000000005', '00000000-0000-0000-0000-000000000003'), -- soldier-05: marksman
  ('00000000-0000-0000-0004-000000000005', '00000000-0000-0000-0000-000000000004'), -- soldier-05: commander
  ('00000000-0000-0000-0004-000000000006', '00000000-0000-0000-0000-000000000005'), -- soldier-06: mag
  ('00000000-0000-0000-0004-000000000008', '00000000-0000-0000-0000-000000000001'), -- soldier-08: driver
  ('00000000-0000-0000-0004-000000000009', '00000000-0000-0000-0000-000000000002'), -- soldier-09: medic
  ('00000000-0000-0000-0004-000000000009', '00000000-0000-0000-0000-000000000004'), -- soldier-09: commander
  ('00000000-0000-0000-0004-000000000010', '00000000-0000-0000-0000-000000000001'), -- soldier-10: driver
  -- מחלקה ב׳
  ('00000000-0000-0000-0004-000000000012', '00000000-0000-0000-0000-000000000004'), -- soldier-12: commander
  ('00000000-0000-0000-0004-000000000012', '00000000-0000-0000-0000-000000000003'), -- soldier-12: marksman
  ('00000000-0000-0000-0004-000000000013', '00000000-0000-0000-0000-000000000001'), -- soldier-13: driver
  ('00000000-0000-0000-0004-000000000014', '00000000-0000-0000-0000-000000000006'), -- soldier-14: negev
  ('00000000-0000-0000-0004-000000000014', '00000000-0000-0000-0000-000000000003'), -- soldier-14: marksman
  ('00000000-0000-0000-0004-000000000016', '00000000-0000-0000-0000-000000000004'), -- soldier-16: commander
  ('00000000-0000-0000-0004-000000000016', '00000000-0000-0000-0000-000000000002'), -- soldier-16: medic
  ('00000000-0000-0000-0004-000000000017', '00000000-0000-0000-0000-000000000005'), -- soldier-17: mag
  ('00000000-0000-0000-0004-000000000018', '00000000-0000-0000-0000-000000000001'), -- soldier-18: driver
  ('00000000-0000-0000-0004-000000000020', '00000000-0000-0000-0000-000000000004'), -- soldier-20: commander
  ('00000000-0000-0000-0004-000000000020', '00000000-0000-0000-0000-000000000001'), -- soldier-20: driver
  ('00000000-0000-0000-0004-000000000021', '00000000-0000-0000-0000-000000000003'), -- soldier-21: marksman
  ('00000000-0000-0000-0004-000000000022', '00000000-0000-0000-0000-000000000006'), -- soldier-22: negev
  -- מחלקה ג׳
  ('00000000-0000-0000-0004-000000000023', '00000000-0000-0000-0000-000000000004'), -- soldier-23: commander
  ('00000000-0000-0000-0004-000000000023', '00000000-0000-0000-0000-000000000002'), -- soldier-23: medic
  ('00000000-0000-0000-0004-000000000023', '00000000-0000-0000-0000-000000000001'), -- soldier-23: driver
  ('00000000-0000-0000-0004-000000000024', '00000000-0000-0000-0000-000000000003'), -- soldier-24: marksman
  ('00000000-0000-0000-0004-000000000025', '00000000-0000-0000-0000-000000000005'), -- soldier-25: mag
  ('00000000-0000-0000-0004-000000000027', '00000000-0000-0000-0000-000000000004'), -- soldier-27: commander
  ('00000000-0000-0000-0004-000000000028', '00000000-0000-0000-0000-000000000001'), -- soldier-28: driver
  ('00000000-0000-0000-0004-000000000028', '00000000-0000-0000-0000-000000000006'), -- soldier-28: negev
  ('00000000-0000-0000-0004-000000000029', '00000000-0000-0000-0000-000000000003'), -- soldier-29: marksman
  ('00000000-0000-0000-0004-000000000031', '00000000-0000-0000-0000-000000000004'), -- soldier-31: commander
  ('00000000-0000-0000-0004-000000000031', '00000000-0000-0000-0000-000000000002'), -- soldier-31: medic
  ('00000000-0000-0000-0004-000000000032', '00000000-0000-0000-0000-000000000001'), -- soldier-32: driver
  ('00000000-0000-0000-0004-000000000033', '00000000-0000-0000-0000-000000000005'), -- soldier-33: mag
  ('00000000-0000-0000-0004-000000000033', '00000000-0000-0000-0000-000000000006'); -- soldier-33: negev

-- Create missions
INSERT INTO missions (id, name, required_soldiers, platoon_id) VALUES
  ('00000000-0000-0000-0005-000000000001', 'שמירה - שער ראשי', 2, '00000000-0000-0000-0002-000000000001'),
  ('00000000-0000-0000-0005-000000000002', 'סיור היקפי', 2, '00000000-0000-0000-0002-000000000001'),
  ('00000000-0000-0000-0005-000000000003', 'כוננות', 4, '00000000-0000-0000-0002-000000000001'),
  ('00000000-0000-0000-0005-000000000004', 'תצפית', 1, '00000000-0000-0000-0002-000000000002'),
  ('00000000-0000-0000-0005-000000000005', 'ליווי', 3, '00000000-0000-0000-0002-000000000002'),
  ('00000000-0000-0000-0005-000000000006', 'פיקוד', 1, '00000000-0000-0000-0002-000000000003');

-- Create mission certificates
INSERT INTO mission_certificates (mission_id, certificate_id) VALUES
  ('00000000-0000-0000-0005-000000000001', '00000000-0000-0000-0000-000000000003'), -- gate: marksman
  ('00000000-0000-0000-0005-000000000002', '00000000-0000-0000-0000-000000000001'), -- patrol: driver
  ('00000000-0000-0000-0005-000000000005', '00000000-0000-0000-0000-000000000001'), -- escort: driver
  ('00000000-0000-0000-0005-000000000006', '00000000-0000-0000-0000-000000000004'); -- command: commander

-- Create sample shifts for today
-- Using NOW() + intervals for dynamic dates
INSERT INTO shifts (mission_id, soldier_id, start_time, end_time, status) VALUES
  -- שמירה - שער ראשי - morning
  ('00000000-0000-0000-0005-000000000001', '00000000-0000-0000-0004-000000000002', NOW()::date + INTERVAL '6 hours', NOW()::date + INTERVAL '10 hours', 'scheduled'),
  ('00000000-0000-0000-0005-000000000001', '00000000-0000-0000-0004-000000000003', NOW()::date + INTERVAL '6 hours', NOW()::date + INTERVAL '10 hours', 'scheduled'),
  -- שמירה - שער ראשי - afternoon
  ('00000000-0000-0000-0005-000000000001', '00000000-0000-0000-0004-000000000005', NOW()::date + INTERVAL '10 hours', NOW()::date + INTERVAL '14 hours', 'scheduled'),
  ('00000000-0000-0000-0005-000000000001', '00000000-0000-0000-0004-000000000006', NOW()::date + INTERVAL '10 hours', NOW()::date + INTERVAL '14 hours', 'scheduled'),
  -- שמירה - שער ראשי - evening
  ('00000000-0000-0000-0005-000000000001', '00000000-0000-0000-0004-000000000009', NOW()::date + INTERVAL '14 hours', NOW()::date + INTERVAL '18 hours', 'scheduled'),
  ('00000000-0000-0000-0005-000000000001', '00000000-0000-0000-0004-000000000010', NOW()::date + INTERVAL '14 hours', NOW()::date + INTERVAL '18 hours', 'scheduled'),
  -- סיור היקפי
  ('00000000-0000-0000-0005-000000000002', '00000000-0000-0000-0004-000000000001', NOW()::date + INTERVAL '8 hours', NOW()::date + INTERVAL '12 hours', 'scheduled'),
  ('00000000-0000-0000-0005-000000000002', '00000000-0000-0000-0004-000000000008', NOW()::date + INTERVAL '8 hours', NOW()::date + INTERVAL '12 hours', 'scheduled'),
  ('00000000-0000-0000-0005-000000000002', '00000000-0000-0000-0004-000000000013', NOW()::date + INTERVAL '16 hours', NOW()::date + INTERVAL '20 hours', 'scheduled'),
  ('00000000-0000-0000-0005-000000000002', '00000000-0000-0000-0004-000000000020', NOW()::date + INTERVAL '16 hours', NOW()::date + INTERVAL '20 hours', 'scheduled'),
  -- כוננות
  ('00000000-0000-0000-0005-000000000003', '00000000-0000-0000-0004-000000000004', NOW()::date + INTERVAL '6 hours', NOW()::date + INTERVAL '18 hours', 'scheduled'),
  ('00000000-0000-0000-0005-000000000003', '00000000-0000-0000-0004-000000000015', NOW()::date + INTERVAL '6 hours', NOW()::date + INTERVAL '18 hours', 'scheduled'),
  ('00000000-0000-0000-0005-000000000003', '00000000-0000-0000-0004-000000000024', NOW()::date + INTERVAL '6 hours', NOW()::date + INTERVAL '18 hours', 'scheduled'),
  ('00000000-0000-0000-0005-000000000003', '00000000-0000-0000-0004-000000000028', NOW()::date + INTERVAL '6 hours', NOW()::date + INTERVAL '18 hours', 'scheduled'),
  -- תצפית
  ('00000000-0000-0000-0005-000000000004', '00000000-0000-0000-0004-000000000016', NOW()::date + INTERVAL '6 hours', NOW()::date + INTERVAL '12 hours', 'scheduled'),
  ('00000000-0000-0000-0005-000000000004', '00000000-0000-0000-0004-000000000021', NOW()::date + INTERVAL '12 hours', NOW()::date + INTERVAL '18 hours', 'scheduled'),
  ('00000000-0000-0000-0005-000000000004', '00000000-0000-0000-0004-000000000022', NOW()::date + INTERVAL '18 hours', NOW()::date + INTERVAL '24 hours', 'scheduled'),
  -- ליווי
  ('00000000-0000-0000-0005-000000000005', '00000000-0000-0000-0004-000000000017', NOW()::date + INTERVAL '9 hours', NOW()::date + INTERVAL '13 hours', 'scheduled'),
  ('00000000-0000-0000-0005-000000000005', '00000000-0000-0000-0004-000000000025', NOW()::date + INTERVAL '9 hours', NOW()::date + INTERVAL '13 hours', 'scheduled'),
  ('00000000-0000-0000-0005-000000000005', '00000000-0000-0000-0004-000000000029', NOW()::date + INTERVAL '9 hours', NOW()::date + INTERVAL '13 hours', 'scheduled'),
  -- פיקוד
  ('00000000-0000-0000-0005-000000000006', '00000000-0000-0000-0004-000000000023', NOW()::date + INTERVAL '6 hours', NOW()::date + INTERVAL '18 hours', 'scheduled'),
  ('00000000-0000-0000-0005-000000000006', '00000000-0000-0000-0004-000000000031', NOW()::date + INTERVAL '18 hours', NOW()::date + INTERVAL '30 hours', 'scheduled');
